0800,Outer Regional
0810,Outer Regional
0812,Outer Regional
0815,Outer Regional
0820,Outer Regional
0822,Outer Regional
0822,Remote
0822,Very Remote
0828,Outer Regional
0829,Outer Regional
0830,Outer Regional
0832,Outer Regional
0834,Outer Regional
0835,Outer Regional
0836,Outer Regional
0837,Outer Regional
0838,Outer Regional
0839,Outer Regional
0840,Remote
0841,Outer Regional
0845,Remote
0846,Remote
0847,Remote
0850,Remote
0852,Remote
0852,Very Remote
0853,Remote
0854,Very Remote
0860,Very Remote
0862,Very Remote
0870,Remote
0872,Very Remote
0872,Very Remote
0872,Remote
0872,Very Remote
0873,Remote
0874,Remote
0875,Remote
0880,Very Remote
0885,Very Remote
0886,Remote
2000,Major Cities
2006,Major Cities
2007,Major Cities
2008,Major Cities
2009,Major Cities
2010,Major Cities
2011,Major Cities
2015,Major Cities
2016,Major Cities
2017,Major Cities
2018,Major Cities
2019,Major Cities
2020,Major Cities
2021,Major Cities
2022,Major Cities
2023,Major Cities
2024,Major Cities
2025,Major Cities
2026,Major Cities
2027,Major Cities
2028,Major Cities
2029,Major Cities
2030,Major Cities
2031,Major Cities
2032,Major Cities
2033,Major Cities
2034,Major Cities
2035,Major Cities
2036,Major Cities
2037,Major Cities
2038,Major Cities
2039,Major Cities
2040,Major Cities
2041,Major Cities
2042,Major Cities
2043,Major Cities
2044,Major Cities
2045,Major Cities
2046,Major Cities
2047,Major Cities
2048,Major Cities
2049,Major Cities
2050,Major Cities
2052,Major Cities
2060,Major Cities
2061,Major Cities
2062,Major Cities
2063,Major Cities
2064,Major Cities
2065,Major Cities
2066,Major Cities
2067,Major Cities
2068,Major Cities
2069,Major Cities
2070,Major Cities
2071,Major Cities
2072,Major Cities
2073,Major Cities
2074,Major Cities
2075,Major Cities
2076,Major Cities
2077,Major Cities
2079,Major Cities
2080,Major Cities
2081,Major Cities
2081,Inner Regional
2082,Major Cities
2082,Inner Regional
2083,Inner Regional
2084,Major Cities
2084,Inner Regional
2085,Major Cities
2086,Major Cities
2087,Major Cities
2088,Major Cities
2089,Major Cities
2090,Major Cities
2091,Major Cities
2092,Major Cities
2093,Major Cities
2094,Major Cities
2095,Major Cities
2096,Major Cities
2097,Major Cities
2099,Major Cities
2100,Major Cities
2101,Major Cities
2102,Major Cities
2103,Major Cities
2104,Major Cities
2105,Major Cities
2105,Inner Regional
2106,Major Cities
2107,Major Cities
2108,Major Cities
2108,Inner Regional
2109,Major Cities
2110,Major Cities
2111,Major Cities
2112,Major Cities
2113,Major Cities
2114,Major Cities
2115,Major Cities
2116,Major Cities
2117,Major Cities
2118,Major Cities
2119,Major Cities
2120,Major Cities
2121,Major Cities
2122,Major Cities
2123,Major Cities
2125,Major Cities
2126,Major Cities
2127,Major Cities
2128,Major Cities
2129,Major Cities
2130,Major Cities
2131,Major Cities
2132,Major Cities
2133,Major Cities
2134,Major Cities
2135,Major Cities
2136,Major Cities
2137,Major Cities
2138,Major Cities
2139,Major Cities
2140,Major Cities
2141,Major Cities
2142,Major Cities
2143,Major Cities
2144,Major Cities
2145,Major Cities
2146,Major Cities
2147,Major Cities
2148,Major Cities
2150,Major Cities
2151,Major Cities
2152,Major Cities
2153,Major Cities
2154,Major Cities
2155,Major Cities
2156,Major Cities
2156,Inner Regional
2157,Inner Regional
2158,Major Cities
2158,Inner Regional
2159,Major Cities
2159,Inner Regional
2160,Major Cities
2161,Major Cities
2162,Major Cities
2163,Major Cities
2164,Major Cities
2165,Major Cities
2166,Major Cities
2167,Major Cities
2168,Major Cities
2170,Major Cities
2171,Major Cities
2172,Major Cities
2173,Major Cities
2174,Major Cities
2175,Major Cities
2176,Major Cities
2177,Major Cities
2178,Major Cities
2179,Major Cities
2190,Major Cities
2191,Major Cities
2192,Major Cities
2193,Major Cities
2194,Major Cities
2195,Major Cities
2196,Major Cities
2197,Major Cities
2198,Major Cities
2199,Major Cities
2200,Major Cities
2203,Major Cities
2204,Major Cities
2205,Major Cities
2206,Major Cities
2207,Major Cities
2208,Major Cities
2209,Major Cities
2210,Major Cities
2211,Major Cities
2212,Major Cities
2213,Major Cities
2214,Major Cities
2216,Major Cities
2217,Major Cities
2218,Major Cities
2219,Major Cities
2220,Major Cities
2221,Major Cities
2222,Major Cities
2223,Major Cities
2224,Major Cities
2225,Major Cities
2226,Major Cities
2227,Major Cities
2228,Major Cities
2229,Major Cities
2230,Major Cities
2230,Inner Regional
2231,Major Cities
2232,Major Cities
2232,Inner Regional
2233,Major Cities
2233,Inner Regional
2234,Major Cities
2250,Major Cities
2250,Inner Regional
2251,Major Cities
2256,Major Cities
2256,Inner Regional
2257,Major Cities
2258,Major Cities
2258,Inner Regional
2259,Major Cities
2259,Inner Regional
2260,Major Cities
2261,Major Cities
2262,Major Cities
2263,Major Cities
2264,Major Cities
2264,Inner Regional
2265,Major Cities
2265,Inner Regional
2267,Major Cities
2278,Major Cities
2280,Major Cities
2281,Major Cities
2281,Inner Regional
2282,Major Cities
2283,Major Cities
2284,Major Cities
2285,Major Cities
2286,Major Cities
2287,Major Cities
2289,Major Cities
2290,Major Cities
2291,Major Cities
2292,Major Cities
2293,Major Cities
2294,Major Cities
2295,Major Cities
2296,Major Cities
2297,Major Cities
2298,Major Cities
2299,Major Cities
2300,Major Cities
2302,Major Cities
2303,Major Cities
2304,Major Cities
2305,Major Cities
2306,Major Cities
2307,Major Cities
2308,Major Cities
2311,Inner Regional
2311,Outer Regional
2312,Inner Regional
2314,Inner Regional
2315,Inner Regional
2316,Inner Regional
2317,Inner Regional
2318,Major Cities
2318,Inner Regional
2319,Inner Regional
2320,Major Cities
2320,Inner Regional
2321,Major Cities
2321,Inner Regional
2322,Major Cities
2322,Inner Regional
2323,Major Cities
2323,Inner Regional
2324,Major Cities
2324,Inner Regional
2325,Major Cities
2325,Inner Regional
2325,Outer Regional
2326,Major Cities
2326,Inner Regional
2327,Major Cities
2328,Inner Regional
2328,Outer Regional
2329,Outer Regional
2330,Inner Regional
2330,Outer Regional
2331,Inner Regional
2333,Inner Regional
2333,Outer Regional
2334,Inner Regional
2335,Inner Regional
2336,Inner Regional
2336,Outer Regional
2337,Inner Regional
2337,Outer Regional
2338,Outer Regional
2339,Outer Regional
2340,Inner Regional
2340,Outer Regional
2341,Inner Regional
2341,Outer Regional
2342,Outer Regional
2343,Outer Regional
2344,Inner Regional
2344,Outer Regional
2345,Outer Regional
2346,Outer Regional
2347,Outer Regional
2350,Inner Regional
2350,Outer Regional
2351,Inner Regional
2352,Inner Regional
2352,Outer Regional
2353,Inner Regional
2353,Outer Regional
2354,Outer Regional
2355,Outer Regional
2356,Remote
2357,Outer Regional
2358,Inner Regional
2358,Outer Regional
2359,Outer Regional
2360,Outer Regional
2361,Outer Regional
2365,Outer Regional
2369,Outer Regional
2370,Outer Regional
2371,Outer Regional
2372,Outer Regional
2379,Outer Regional
2380,Outer Regional
2381,Outer Regional
2382,Outer Regional
2386,Remote
2387,Remote
2388,Outer Regional
2388,Remote
2390,Outer Regional
2395,Outer Regional
2396,Outer Regional
2396,Remote
2397,Outer Regional
2397,Remote
2398,Outer Regional
2399,Outer Regional
2400,Outer Regional
2400,Remote
2401,Outer Regional
2402,Outer Regional
2403,Outer Regional
2404,Outer Regional
2405,Remote
2406,Remote
2406,Remote
2408,Outer Regional
2409,Outer Regional
2410,Outer Regional
2411,Outer Regional
2415,Inner Regional
2420,Inner Regional
2420,Outer Regional
2421,Inner Regional
2422,Inner Regional
2422,Outer Regional
2423,Inner Regional
2424,Inner Regional
2424,Outer Regional
2425,Inner Regional
2426,Inner Regional
2427,Inner Regional
2428,Inner Regional
2429,Inner Regional
2429,Outer Regional
2430,Inner Regional
2431,Outer Regional
2439,Inner Regional
2440,Inner Regional
2440,Outer Regional
2441,Inner Regional
2441,Outer Regional
2443,Inner Regional
2444,Inner Regional
2445,Inner Regional
2446,Inner Regional
2446,Outer Regional
2447,Outer Regional
2448,Outer Regional
2449,Outer Regional
2450,Inner Regional
2450,Outer Regional
2452,Inner Regional
2453,Outer Regional
2454,Inner Regional
2454,Outer Regional
2455,Outer Regional
2456,Inner Regional
2456,Outer Regional
2460,Inner Regional
2460,Outer Regional
2462,Inner Regional
2462,Outer Regional
2463,Inner Regional
2463,Outer Regional
2464,Inner Regional
2465,Inner Regional
2466,Inner Regional
2469,Inner Regional
2469,Outer Regional
2470,Inner Regional
2470,Outer Regional
2471,Inner Regional
2472,Inner Regional
2473,Inner Regional
2474,Inner Regional
2474,Outer Regional
2475,Outer Regional
2476,Outer Regional
2477,Inner Regional
2478,Inner Regional
2479,Inner Regional
2480,Inner Regional
2481,Inner Regional
2482,Inner Regional
2483,Inner Regional
2484,Major Cities
2484,Inner Regional
2485,Major Cities
2486,Major Cities
2486,Inner Regional
2487,Major Cities
2487,Inner Regional
2488,Major Cities
2489,Major Cities
2489,Inner Regional
2490,Major Cities
2490,Inner Regional
2500,Major Cities
2502,Major Cities
2505,Major Cities
2506,Major Cities
2508,Major Cities
2508,Inner Regional
2515,Major Cities
2516,Major Cities
2517,Major Cities
2518,Major Cities
2519,Major Cities
2522,Major Cities
2525,Major Cities
2526,Major Cities
2527,Major Cities
2527,Inner Regional
2528,Major Cities
2529,Major Cities
2529,Inner Regional
2530,Major Cities
2530,Inner Regional
2533,Inner Regional
2534,Inner Regional
2535,Inner Regional
2536,Inner Regional
2537,Inner Regional
2537,Outer Regional
2538,Inner Regional
2539,Inner Regional
2539,Outer Regional
2540,Inner Regional
2540,Inner Regional
2541,Inner Regional
2545,Outer Regional
2546,Outer Regional
2548,Outer Regional
2549,Outer Regional
2550,Outer Regional
2551,Outer Regional
2555,Major Cities
2555,Inner Regional
2556,Major Cities
2556,Inner Regional
2557,Major Cities
2558,Major Cities
2559,Major Cities
2560,Major Cities
2560,Inner Regional
2563,Major Cities
2564,Major Cities
2565,Major Cities
2566,Major Cities
2567,Major Cities
2568,Major Cities
2568,Inner Regional
2569,Major Cities
2569,Inner Regional
2570,Major Cities
2570,Inner Regional
2571,Inner Regional
2572,Inner Regional
2573,Inner Regional
2574,Inner Regional
2575,Inner Regional
2576,Inner Regional
2577,Inner Regional
2578,Inner Regional
2579,Inner Regional
2580,Inner Regional
2580,Outer Regional
2581,Inner Regional
2582,Inner Regional
2582,Outer Regional
2583,Inner Regional
2583,Outer Regional
2584,Inner Regional
2585,Inner Regional
2586,Inner Regional
2586,Outer Regional
2587,Inner Regional
2588,Inner Regional
2590,Inner Regional
2590,Outer Regional
2594,Inner Regional
2594,Outer Regional
2600,Major Cities
2601,Major Cities
2602,Major Cities
2603,Major Cities
2604,Major Cities
2605,Major Cities
2606,Major Cities
2607,Major Cities
2609,Major Cities
2611,Inner Regional
2611,Outer Regional
2611,Major Cities
2611,Inner Regional
2612,Major Cities
2614,Major Cities
2615,Major Cities
2617,Major Cities
2618,Major Cities
2618,Inner Regional
2618,Major Cities
2619,Major Cities
2620,Major Cities
2620,Inner Regional
2620,Major Cities
2620,Inner Regional
2621,Inner Regional
2622,Inner Regional
2622,Outer Regional
2623,Inner Regional
2625,Outer Regional
2626,Inner Regional
2627,Outer Regional
2628,Outer Regional
2629,Outer Regional
2630,Inner Regional
2630,Outer Regional
2631,Outer Regional
2632,Outer Regional
2633,Outer Regional
2640,Inner Regional
2640,Outer Regional
2641,Inner Regional
2642,Inner Regional
2642,Outer Regional
2643,Inner Regional
2644,Inner Regional
2644,Outer Regional
2645,Outer Regional
2646,Inner Regional
2646,Outer Regional
2647,Inner Regional
2647,Outer Regional
2648,Outer Regional
2648,Remote
2649,Outer Regional
2650,Inner Regional
2650,Outer Regional
2651,Inner Regional
2652,Inner Regional
2652,Outer Regional
2652,Remote
2653,Outer Regional
2655,Inner Regional
2655,Outer Regional
2656,Inner Regional
2656,Outer Regional
2658,Inner Regional
2658,Outer Regional
2659,Inner Regional
2659,Outer Regional
2660,Inner Regional
2661,Inner Regional
2663,Inner Regional
2663,Outer Regional
2665,Outer Regional
2666,Inner Regional
2666,Outer Regional
2668,Outer Regional
2669,Outer Regional
2669,Remote
2671,Outer Regional
2672,Remote
2675,Remote
2678,Inner Regional
2680,Outer Regional
2681,Outer Regional
2700,Outer Regional
2701,Inner Regional
2701,Outer Regional
2702,Outer Regional
2703,Outer Regional
2705,Outer Regional
2706,Outer Regional
2707,Outer Regional
2710,Inner Regional
2710,Outer Regional
2711,Outer Regional
2711,Remote
2712,Outer Regional
2713,Inner Regional
2713,Outer Regional
2714,Inner Regional
2714,Outer Regional
2715,Outer Regional
2715,Remote
2716,Outer Regional
2717,Outer Regional
2720,Inner Regional
2720,Outer Regional
2721,Outer Regional
2722,Inner Regional
2722,Outer Regional
2725,Outer Regional
2726,Outer Regional
2727,Outer Regional
2729,Inner Regional
2729,Outer Regional
2730,Outer Regional
2731,Inner Regional
2731,Outer Regional
2732,Outer Regional
2733,Outer Regional
2734,Outer Regional
2734,Remote
2735,Outer Regional
2736,Outer Regional
2737,Outer Regional
2737,Remote
2738,Outer Regional
2738,Remote
2739,Outer Regional
2745,Major Cities
2745,Inner Regional
2747,Major Cities
2748,Major Cities
2749,Major Cities
2750,Major Cities
2752,Inner Regional
2753,Major Cities
2753,Inner Regional
2754,Major Cities
2754,Inner Regional
2755,Major Cities
2756,Major Cities
2756,Inner Regional
2756,Outer Regional
2757,Major Cities
2757,Inner Regional
2758,Inner Regional
2759,Major Cities
2760,Major Cities
2761,Major Cities
2762,Major Cities
2763,Major Cities
2765,Major Cities
2765,Inner Regional
2766,Major Cities
2767,Major Cities
2768,Major Cities
2769,Major Cities
2770,Major Cities
2773,Major Cities
2774,Major Cities
2775,Inner Regional
2776,Major Cities
2777,Major Cities
2778,Major Cities
2779,Major Cities
2780,Major Cities
2780,Inner Regional
2782,Major Cities
2783,Major Cities
2784,Major Cities
2785,Inner Regional
2786,Inner Regional
2787,Inner Regional
2787,Outer Regional
2790,Inner Regional
2791,Inner Regional
2792,Inner Regional
2792,Outer Regional
2793,Inner Regional
2793,Outer Regional
2794,Inner Regional
2794,Outer Regional
2795,Inner Regional
2795,Outer Regional
2797,Outer Regional
2798,Inner Regional
2799,Inner Regional
2799,Outer Regional
2800,Inner Regional
2800,Outer Regional
2803,Outer Regional
2804,Inner Regional
2804,Outer Regional
2805,Outer Regional
2806,Outer Regional
2807,Outer Regional
2808,Outer Regional
2809,Outer Regional
2810,Outer Regional
2817,Outer Regional
2818,Outer Regional
2820,Outer Regional
2821,Outer Regional
2822,Outer Regional
2823,Outer Regional
2824,Outer Regional
2824,Remote
2825,Remote
2826,Remote
2827,Outer Regional
2828,Outer Regional
2828,Remote
2829,Remote
2830,Inner Regional
2830,Outer Regional
2831,Outer Regional
2831,Remote
2831,Very Remote
2832,Remote
2832,Very Remote
2833,Remote
2834,Remote
2834,Very Remote
2835,Remote
2835,Very Remote
2836,Very Remote
2838,Very Remote
2839,Very Remote
2840,Remote
2840,Very Remote
2842,Outer Regional
2843,Outer Regional
2844,Outer Regional
2845,Inner Regional
2846,Inner Regional
2846,Outer Regional
2847,Inner Regional
2848,Inner Regional
2848,Outer Regional
2849,Outer Regional
2850,Inner Regional
2850,Outer Regional
2852,Outer Regional
2864,Inner Regional
2864,Outer Regional
2865,Outer Regional
2866,Inner Regional
2866,Outer Regional
2867,Outer Regional
2868,Outer Regional
2869,Outer Regional
2870,Outer Regional
2871,Outer Regional
2873,Remote
2874,Outer Regional
2874,Remote
2875,Outer Regional
2875,Remote
2876,Outer Regional
2877,Outer Regional
2877,Remote
2878,Remote
2878,Very Remote
2879,Very Remote
2880,Outer Regional
2880,Remote
2880,Very Remote
2898,Very Remote
2899,Very Remote
2900,Major Cities
2900,Inner Regional
2902,Major Cities
2903,Major Cities
2904,Major Cities
2905,Major Cities
2906,Major Cities
2911,Major Cities
2912,Major Cities
2913,Major Cities
2914,Major Cities
3000,Major Cities
3002,Major Cities
3003,Major Cities
3004,Major Cities
3006,Major Cities
3008,Major Cities
3010,Major Cities
3011,Major Cities
3012,Major Cities
3013,Major Cities
3015,Major Cities
3016,Major Cities
3018,Major Cities
3019,Major Cities
3020,Major Cities
3021,Major Cities
3022,Major Cities
3023,Major Cities
3024,Major Cities
3024,Inner Regional
3025,Major Cities
3026,Major Cities
3027,Major Cities
3028,Major Cities
3029,Major Cities
3030,Major Cities
3030,Inner Regional
3031,Major Cities
3032,Major Cities
3033,Major Cities
3034,Major Cities
3036,Major Cities
3037,Major Cities
3038,Major Cities
3039,Major Cities
3040,Major Cities
3041,Major Cities
3042,Major Cities
3043,Major Cities
3044,Major Cities
3045,Major Cities
3046,Major Cities
3047,Major Cities
3048,Major Cities
3049,Major Cities
3050,Major Cities
3051,Major Cities
3052,Major Cities
3053,Major Cities
3054,Major Cities
3055,Major Cities
3056,Major Cities
3057,Major Cities
3058,Major Cities
3059,Major Cities
3060,Major Cities
3061,Major Cities
3062,Major Cities
3063,Major Cities
3064,Major Cities
3065,Major Cities
3066,Major Cities
3067,Major Cities
3068,Major Cities
3070,Major Cities
3071,Major Cities
3072,Major Cities
3073,Major Cities
3074,Major Cities
3075,Major Cities
3076,Major Cities
3078,Major Cities
3079,Major Cities
3081,Major Cities
3082,Major Cities
3083,Major Cities
3084,Major Cities
3085,Major Cities
3086,Major Cities
3087,Major Cities
3088,Major Cities
3089,Major Cities
3090,Major Cities
3091,Major Cities
3093,Major Cities
3094,Major Cities
3095,Major Cities
3096,Major Cities
3097,Major Cities
3097,Inner Regional
3099,Major Cities
3099,Inner Regional
3101,Major Cities
3102,Major Cities
3103,Major Cities
3104,Major Cities
3105,Major Cities
3106,Major Cities
3107,Major Cities
3108,Major Cities
3109,Major Cities
3111,Major Cities
3113,Major Cities
3114,Major Cities
3115,Major Cities
3115,Inner Regional
3116,Major Cities
3121,Major Cities
3122,Major Cities
3123,Major Cities
3124,Major Cities
3125,Major Cities
3126,Major Cities
3127,Major Cities
3128,Major Cities
3129,Major Cities
3130,Major Cities
3131,Major Cities
3132,Major Cities
3133,Major Cities
3134,Major Cities
3135,Major Cities
3136,Major Cities
3137,Major Cities
3138,Major Cities
3139,Major Cities
3139,Inner Regional
3140,Major Cities
3141,Major Cities
3142,Major Cities
3143,Major Cities
3144,Major Cities
3145,Major Cities
3146,Major Cities
3147,Major Cities
3148,Major Cities
3149,Major Cities
3150,Major Cities
3151,Major Cities
3152,Major Cities
3153,Major Cities
3154,Major Cities
3155,Major Cities
3156,Major Cities
3158,Major Cities
3159,Major Cities
3160,Major Cities
3161,Major Cities
3162,Major Cities
3163,Major Cities
3165,Major Cities
3166,Major Cities
3167,Major Cities
3168,Major Cities
3169,Major Cities
3170,Major Cities
3171,Major Cities
3172,Major Cities
3173,Major Cities
3174,Major Cities
3175,Major Cities
3177,Major Cities
3178,Major Cities
3179,Major Cities
3180,Major Cities
3181,Major Cities
3182,Major Cities
3183,Major Cities
3184,Major Cities
3185,Major Cities
3186,Major Cities
3187,Major Cities
3188,Major Cities
3189,Major Cities
3190,Major Cities
3191,Major Cities
3192,Major Cities
3193,Major Cities
3194,Major Cities
3195,Major Cities
3196,Major Cities
3197,Major Cities
3198,Major Cities
3199,Major Cities
3200,Major Cities
3201,Major Cities
3202,Major Cities
3204,Major Cities
3205,Major Cities
3206,Major Cities
3207,Major Cities
3211,Inner Regional
3212,Major Cities
3212,Inner Regional
3213,Major Cities
3213,Inner Regional
3214,Major Cities
3215,Major Cities
3216,Major Cities
3216,Inner Regional
3217,Major Cities
3217,Inner Regional
3218,Major Cities
3218,Inner Regional
3219,Major Cities
3220,Major Cities
3221,Inner Regional
3222,Inner Regional
3223,Inner Regional
3224,Major Cities
3224,Inner Regional
3225,Inner Regional
3226,Inner Regional
3227,Major Cities
3227,Inner Regional
3228,Inner Regional
3230,Inner Regional
3231,Inner Regional
3232,Inner Regional
3233,Inner Regional
3233,Outer Regional
3234,Inner Regional
3235,Inner Regional
3236,Inner Regional
3237,Outer Regional
3238,Outer Regional
3239,Inner Regional
3239,Outer Regional
3240,Inner Regional
3241,Inner Regional
3242,Inner Regional
3243,Inner Regional
3249,Inner Regional
3250,Inner Regional
3251,Inner Regional
3254,Inner Regional
3260,Inner Regional
3264,Inner Regional
3265,Inner Regional
3266,Inner Regional
3266,Outer Regional
3267,Outer Regional
3268,Inner Regional
3268,Outer Regional
3269,Outer Regional
3270,Outer Regional
3271,Outer Regional
3272,Inner Regional
3272,Outer Regional
3273,Outer Regional
3274,Outer Regional
3275,Inner Regional
3276,Inner Regional
3277,Inner Regional
3278,Inner Regional
3279,Inner Regional
3280,Inner Regional
3281,Inner Regional
3282,Inner Regional
3283,Inner Regional
3284,Inner Regional
3284,Outer Regional
3285,Inner Regional
3285,Outer Regional
3286,Outer Regional
3287,Outer Regional
3289,Inner Regional
3289,Outer Regional
3292,Outer Regional
3293,Outer Regional
3294,Outer Regional
3300,Inner Regional
3300,Outer Regional
3301,Inner Regional
3301,Outer Regional
3302,Outer Regional
3303,Outer Regional
3304,Outer Regional
3305,Outer Regional
3309,Outer Regional
3310,Outer Regional
3311,Outer Regional
3312,Outer Regional
3314,Outer Regional
3315,Outer Regional
3317,Outer Regional
3318,Outer Regional
3319,Outer Regional
3321,Inner Regional
3322,Inner Regional
3322,Outer Regional
3323,Outer Regional
3324,Inner Regional
3324,Outer Regional
3325,Outer Regional
3328,Inner Regional
3329,Inner Regional
3330,Inner Regional
3331,Inner Regional
3332,Inner Regional
3333,Inner Regional
3334,Inner Regional
3335,Major Cities
3336,Major Cities
3337,Major Cities
3337,Inner Regional
3338,Major Cities
3338,Inner Regional
3340,Major Cities
3340,Inner Regional
3341,Inner Regional
3342,Inner Regional
3345,Inner Regional
3350,Inner Regional
3351,Inner Regional
3351,Outer Regional
3352,Inner Regional
3352,Outer Regional
3355,Inner Regional
3356,Inner Regional
3357,Inner Regional
3358,Inner Regional
3360,Inner Regional
3361,Inner Regional
3363,Inner Regional
3364,Inner Regional
3370,Inner Regional
3371,Inner Regional
3373,Inner Regional
3373,Outer Regional
3374,Inner Regional
3374,Outer Regional
3375,Inner Regional
3377,Inner Regional
3377,Outer Regional
3378,Inner Regional
3379,Outer Regional
3380,Inner Regional
3381,Inner Regional
3381,Outer Regional
3384,Inner Regional
3384,Outer Regional
3385,Inner Regional
3385,Outer Regional
3387,Inner Regional
3387,Outer Regional
3388,Outer Regional
3390,Outer Regional
3391,Outer Regional
3392,Outer Regional
3393,Outer Regional
3395,Outer Regional
3395,Remote
3396,Outer Regional
3400,Outer Regional
3401,Outer Regional
3407,Outer Regional
3409,Outer Regional
3412,Outer Regional
3413,Outer Regional
3414,Outer Regional
3415,Outer Regional
3418,Outer Regional
3419,Outer Regional
3420,Outer Regional
3420,Remote
3423,Outer Regional
3424,Outer Regional
3424,Remote
3427,Major Cities
3428,Major Cities
3429,Major Cities
3429,Inner Regional
3430,Major Cities
3430,Inner Regional
3431,Inner Regional
3432,Inner Regional
3433,Inner Regional
3434,Inner Regional
3435,Inner Regional
3437,Inner Regional
3438,Inner Regional
3440,Inner Regional
3441,Inner Regional
3442,Inner Regional
3444,Inner Regional
3446,Inner Regional
3447,Inner Regional
3448,Inner Regional
3450,Inner Regional
3451,Inner Regional
3453,Inner Regional
3458,Inner Regional
3460,Inner Regional
3461,Inner Regional
3462,Inner Regional
3463,Inner Regional
3464,Inner Regional
3465,Inner Regional
3465,Outer Regional
3467,Inner Regional
3468,Inner Regional
3469,Inner Regional
3472,Inner Regional
3472,Outer Regional
3475,Inner Regional
3475,Outer Regional
3477,Inner Regional
3477,Outer Regional
3478,Inner Regional
3478,Outer Regional
3480,Outer Regional
3482,Outer Regional
3483,Outer Regional
3485,Outer Regional
3487,Outer Regional
3488,Outer Regional
3489,Outer Regional
3490,Outer Regional
3490,Remote
3491,Outer Regional
3494,Outer Regional
3496,Outer Regional
3498,Outer Regional
3500,Outer Regional
3501,Outer Regional
3505,Outer Regional
3506,Remote
3507,Outer Regional
3509,Remote
3512,Remote
3515,Inner Regional
3516,Inner Regional
3517,Inner Regional
3517,Outer Regional
3518,Outer Regional
3520,Outer Regional
3521,Inner Regional
3522,Inner Regional
3523,Inner Regional
3525,Outer Regional
3527,Outer Regional
3529,Outer Regional
3530,Outer Regional
3531,Outer Regional
3533,Outer Regional
3537,Outer Regional
3540,Outer Regional
3542,Outer Regional
3544,Outer Regional
3546,Outer Regional
3549,Outer Regional
3550,Inner Regional
3551,Inner Regional
3555,Inner Regional
3556,Inner Regional
3557,Inner Regional
3558,Inner Regional
3559,Inner Regional
3561,Inner Regional
3562,Inner Regional
3563,Inner Regional
3564,Inner Regional
3565,Inner Regional
3566,Outer Regional
3567,Outer Regional
3568,Outer Regional
3570,Inner Regional
3570,Outer Regional
3571,Inner Regional
3571,Outer Regional
3572,Inner Regional
3573,Inner Regional
3573,Outer Regional
3575,Outer Regional
3576,Outer Regional
3579,Outer Regional
3580,Outer Regional
3581,Outer Regional
3583,Outer Regional
3584,Outer Regional
3585,Outer Regional
3586,Outer Regional
3588,Outer Regional
3589,Outer Regional
3590,Outer Regional
3591,Outer Regional
3594,Outer Regional
3595,Outer Regional
3596,Outer Regional
3597,Outer Regional
3599,Outer Regional
3607,Inner Regional
3608,Inner Regional
3610,Inner Regional
3612,Inner Regional
3614,Inner Regional
3616,Inner Regional
3617,Inner Regional
3618,Inner Regional
3620,Inner Regional
3621,Inner Regional
3622,Inner Regional
3623,Inner Regional
3624,Inner Regional
3629,Inner Regional
3630,Inner Regional
3631,Inner Regional
3633,Inner Regional
3634,Inner Regional
3635,Inner Regional
3636,Inner Regional
3637,Inner Regional
3637,Outer Regional
3638,Inner Regional
3638,Outer Regional
3639,Inner Regional
3639,Outer Regional
3640,Inner Regional
3641,Inner Regional
3641,Outer Regional
3644,Inner Regional
3644,Inner Regional
3646,Inner Regional
3647,Inner Regional
3649,Inner Regional
3658,Inner Regional
3659,Inner Regional
3660,Inner Regional
3662,Inner Regional
3663,Inner Regional
3664,Inner Regional
3665,Inner Regional
3666,Inner Regional
3669,Inner Regional
3670,Inner Regional
3672,Inner Regional
3673,Inner Regional
3673,Outer Regional
3675,Inner Regional
3677,Inner Regional
3678,Inner Regional
3678,Outer Regional
3682,Inner Regional
3683,Inner Regional
3685,Inner Regional
3687,Inner Regional
3688,Inner Regional
3690,Inner Regional
3691,Inner Regional
3691,Inner Regional
3691,Outer Regional
3694,Inner Regional
3695,Inner Regional
3697,Inner Regional
3697,Outer Regional
3698,Inner Regional
3699,Inner Regional
3699,Outer Regional
3700,Inner Regional
3700,Outer Regional
3701,Inner Regional
3701,Outer Regional
3704,Outer Regional
3705,Outer Regional
3707,Outer Regional
3707,Outer Regional
3708,Outer Regional
3709,Outer Regional
3711,Inner Regional
3712,Inner Regional
3713,Outer Regional
3714,Inner Regional
3715,Outer Regional
3717,Inner Regional
3718,Inner Regional
3719,Inner Regional
3720,Outer Regional
3722,Outer Regional
3723,Inner Regional
3723,Outer Regional
3725,Inner Regional
3726,Inner Regional
3727,Inner Regional
3728,Inner Regional
3730,Inner Regional
3732,Inner Regional
3732,Outer Regional
3733,Outer Regional
3735,Inner Regional
3737,Inner Regional
3737,Outer Regional
3738,Inner Regional
3739,Inner Regional
3740,Outer Regional
3741,Outer Regional
3744,Outer Regional
3746,Inner Regional
3747,Inner Regional
3749,Inner Regional
3750,Major Cities
3751,Major Cities
3752,Major Cities
3753,Major Cities
3753,Inner Regional
3754,Major Cities
3755,Major Cities
3756,Major Cities
3756,Inner Regional
3757,Major Cities
3757,Inner Regional
3758,Inner Regional
3759,Major Cities
3759,Inner Regional
3760,Inner Regional
3761,Inner Regional
3762,Inner Regional
3763,Inner Regional
3764,Inner Regional
3765,Major Cities
3766,Major Cities
3767,Major Cities
3770,Major Cities
3770,Inner Regional
3775,Inner Regional
3777,Inner Regional
3778,Inner Regional
3779,Inner Regional
3781,Major Cities
3781,Inner Regional
3782,Major Cities
3783,Major Cities
3783,Inner Regional
3785,Major Cities
3786,Major Cities
3787,Major Cities
3788,Major Cities
3789,Major Cities
3791,Major Cities
3792,Major Cities
3793,Major Cities
3795,Major Cities
3796,Major Cities
3797,Inner Regional
3799,Inner Regional
3800,Major Cities
3802,Major Cities
3803,Major Cities
3804,Major Cities
3805,Major Cities
3806,Major Cities
3807,Major Cities
3808,Major Cities
3809,Major Cities
3809,Inner Regional
3810,Major Cities
3810,Inner Regional
3812,Inner Regional
3813,Inner Regional
3814,Inner Regional
3815,Inner Regional
3816,Inner Regional
3818,Inner Regional
3820,Inner Regional
3821,Inner Regional
3822,Inner Regional
3823,Inner Regional
3824,Inner Regional
3825,Inner Regional
3831,Inner Regional
3832,Inner Regional
3833,Inner Regional
3833,Outer Regional
3835,Inner Regional
3840,Inner Regional
3842,Inner Regional
3844,Inner Regional
3844,Outer Regional
3847,Inner Regional
3847,Outer Regional
3850,Inner Regional
3851,Inner Regional
3851,Outer Regional
3852,Inner Regional
3854,Inner Regional
3856,Inner Regional
3857,Inner Regional
3858,Inner Regional
3858,Outer Regional
3859,Inner Regional
3860,Inner Regional
3860,Outer Regional
3862,Inner Regional
3862,Outer Regional
3864,Outer Regional
3865,Outer Regional
3869,Inner Regional
3870,Inner Regional
3871,Inner Regional
3873,Inner Regional
3874,Outer Regional
3875,Outer Regional
3878,Outer Regional
3880,Outer Regional
3882,Outer Regional
3885,Outer Regional
3886,Outer Regional
3887,Outer Regional
3888,Outer Regional
3889,Outer Regional
3889,Remote
3890,Remote
3891,Remote
3892,Remote
3893,Outer Regional
3895,Outer Regional
3896,Outer Regional
3898,Outer Regional
3900,Outer Regional
3902,Outer Regional
3903,Outer Regional
3904,Outer Regional
3909,Outer Regional
3910,Major Cities
3911,Major Cities
3912,Major Cities
3913,Major Cities
3915,Major Cities
3916,Inner Regional
3918,Major Cities
3919,Major Cities
3920,Major Cities
3921,Outer Regional
3922,Inner Regional
3923,Inner Regional
3925,Inner Regional
3926,Major Cities
3926,Inner Regional
3927,Major Cities
3928,Major Cities
3928,Inner Regional
3929,Inner Regional
3930,Major Cities
3931,Major Cities
3933,Major Cities
3934,Major Cities
3936,Major Cities
3937,Inner Regional
3938,Major Cities
3939,Major Cities
3939,Inner Regional
3940,Major Cities
3941,Major Cities
3942,Major Cities
3943,Major Cities
3944,Major Cities
3945,Inner Regional
3946,Inner Regional
3950,Inner Regional
3951,Inner Regional
3953,Inner Regional
3954,Inner Regional
3956,Inner Regional
3956,Outer Regional
3957,Inner Regional
3958,Inner Regional
3959,Inner Regional
3959,Outer Regional
3960,Inner Regional
3960,Outer Regional
3962,Inner Regional
3964,Inner Regional
3965,Outer Regional
3966,Inner Regional
3966,Outer Regional
3967,Inner Regional
3967,Outer Regional
3971,Inner Regional
3971,Outer Regional
3975,Major Cities
3976,Major Cities
3977,Major Cities
3977,Inner Regional
3978,Major Cities
3978,Inner Regional
3979,Inner Regional
3980,Major Cities
3980,Inner Regional
3981,Inner Regional
3984,Inner Regional
3987,Inner Regional
3988,Inner Regional
3990,Inner Regional
3991,Inner Regional
3992,Inner Regional
3995,Inner Regional
3996,Inner Regional
4000,Major Cities
4005,Major Cities
4006,Major Cities
4007,Major Cities
4008,Major Cities
4009,Major Cities
4010,Major Cities
4011,Major Cities
4012,Major Cities
4013,Major Cities
4014,Major Cities
4017,Major Cities
4018,Major Cities
4019,Major Cities
4020,Major Cities
4021,Major Cities
4022,Major Cities
4025,Remote
4029,Major Cities
4030,Major Cities
4031,Major Cities
4032,Major Cities
4034,Major Cities
4035,Major Cities
4036,Major Cities
4037,Major Cities
4051,Major Cities
4053,Major Cities
4054,Major Cities
4055,Major Cities
4059,Major Cities
4060,Major Cities
4061,Major Cities
4064,Major Cities
4065,Major Cities
4066,Major Cities
4067,Major Cities
4068,Major Cities
4069,Major Cities
4069,Inner Regional
4070,Major Cities
4072,Major Cities
4073,Major Cities
4074,Major Cities
4075,Major Cities
4076,Major Cities
4077,Major Cities
4078,Major Cities
4101,Major Cities
4102,Major Cities
4103,Major Cities
4104,Major Cities
4105,Major Cities
4106,Major Cities
4107,Major Cities
4108,Major Cities
4109,Major Cities
4110,Major Cities
4111,Major Cities
4112,Major Cities
4113,Major Cities
4114,Major Cities
4115,Major Cities
4116,Major Cities
4117,Major Cities
4118,Major Cities
4119,Major Cities
4120,Major Cities
4121,Major Cities
4122,Major Cities
4123,Major Cities
4124,Major Cities
4124,Inner Regional
4125,Major Cities
4125,Inner Regional
4127,Major Cities
4128,Major Cities
4129,Major Cities
4130,Major Cities
4131,Major Cities
4132,Major Cities
4133,Major Cities
4133,Inner Regional
4151,Major Cities
4152,Major Cities
4153,Major Cities
4154,Major Cities
4155,Major Cities
4156,Major Cities
4157,Major Cities
4158,Major Cities
4159,Major Cities
4160,Major Cities
4161,Major Cities
4163,Major Cities
4164,Major Cities
4165,Major Cities
4165,Inner Regional
4169,Major Cities
4170,Major Cities
4171,Major Cities
4172,Major Cities
4173,Major Cities
4174,Major Cities
4178,Major Cities
4179,Major Cities
4183,Remote
4184,Inner Regional
4184,Outer Regional
4205,Major Cities
4207,Major Cities
4207,Inner Regional
4208,Major Cities
4209,Major Cities
4210,Major Cities
4211,Major Cities
4211,Inner Regional
4212,Major Cities
4213,Major Cities
4213,Inner Regional
4214,Major Cities
4215,Major Cities
4216,Major Cities
4216,Inner Regional
4217,Major Cities
4218,Major Cities
4220,Major Cities
4221,Major Cities
4222,Major Cities
4223,Major Cities
4223,Inner Regional
4224,Major Cities
4225,Major Cities
4226,Major Cities
4227,Major Cities
4228,Major Cities
4228,Inner Regional
4229,Major Cities
4230,Major Cities
4270,Major Cities
4270,Inner Regional
4272,Major Cities
4272,Inner Regional
4275,Inner Regional
4280,Major Cities
4280,Inner Regional
4285,Inner Regional
4287,Inner Regional
4300,Major Cities
4301,Major Cities
4303,Major Cities
4304,Major Cities
4305,Major Cities
4305,Inner Regional
4306,Major Cities
4306,Inner Regional
4306,Outer Regional
4307,Inner Regional
4309,Inner Regional
4310,Inner Regional
4311,Inner Regional
4312,Inner Regional
4313,Inner Regional
4340,Inner Regional
4341,Inner Regional
4342,Inner Regional
4343,Inner Regional
4344,Inner Regional
4345,Inner Regional
4346,Inner Regional
4347,Inner Regional
4350,Inner Regional
4352,Inner Regional
4352,Outer Regional
4353,Inner Regional
4354,Inner Regional
4355,Inner Regional
4356,Inner Regional
4357,Inner Regional
4357,Outer Regional
4358,Inner Regional
4359,Inner Regional
4360,Inner Regional
4361,Inner Regional
4362,Inner Regional
4363,Inner Regional
4364,Inner Regional
4365,Inner Regional
4370,Inner Regional
4370,Outer Regional
4371,Inner Regional
4372,Inner Regional
4373,Outer Regional
4374,Inner Regional
4374,Outer Regional
4375,Outer Regional
4375,Outer Regional
4376,Outer Regional
4377,Outer Regional
4377,Outer Regional
4378,Outer Regional
4380,Outer Regional
4380,Outer Regional
4381,Outer Regional
4382,Outer Regional
4383,Outer Regional
4383,Outer Regional
4384,Outer Regional
4385,Outer Regional
4385,Outer Regional
4387,Outer Regional
4388,Outer Regional
4390,Outer Regional
4400,Inner Regional
4401,Inner Regional
4402,Inner Regional
4402,Outer Regional
4403,Inner Regional
4404,Inner Regional
4405,Inner Regional
4405,Outer Regional
4406,Inner Regional
4406,Outer Regional
4406,Remote
4407,Inner Regional
4407,Outer Regional
4408,Outer Regional
4410,Outer Regional
4411,Outer Regional
4412,Outer Regional
4413,Outer Regional
4415,Outer Regional
4415,Remote
4416,Outer Regional
4417,Remote
4418,Remote
4419,Remote
4420,Remote
4421,Outer Regional
4422,Remote
4423,Remote
4424,Outer Regional
4425,Outer Regional
4426,Remote
4427,Remote
4428,Remote
4454,Remote
4454,Very Remote
4455,Outer Regional
4455,Remote
4461,Remote
4462,Remote
4465,Remote
4465,Very Remote
4467,Very Remote
4468,Very Remote
4470,Very Remote
4472,Very Remote
4474,Very Remote
4475,Very Remote
4477,Very Remote
4478,Very Remote
4479,Very Remote
4480,Very Remote
4481,Very Remote
4482,Very Remote
4486,Very Remote
4487,Remote
4488,Remote
4488,Very Remote
4489,Very Remote
4490,Very Remote
4491,Very Remote
4492,Very Remote
4493,Very Remote
4494,Remote
4496,Remote
4497,Remote
4498,Outer Regional
4498,Remote
4500,Major Cities
4501,Major Cities
4502,Major Cities
4503,Major Cities
4504,Major Cities
4505,Major Cities
4506,Major Cities
4507,Inner Regional
4508,Major Cities
4509,Major Cities
4510,Major Cities
4510,Inner Regional
4511,Major Cities
4512,Major Cities
4512,Inner Regional
4514,Inner Regional
4515,Inner Regional
4515,Outer Regional
4516,Major Cities
4517,Inner Regional
4518,Inner Regional
4519,Inner Regional
4520,Major Cities
4520,Inner Regional
4521,Inner Regional
4550,Inner Regional
4551,Major Cities
4552,Inner Regional
4553,Major Cities
4553,Inner Regional
4554,Inner Regional
4555,Major Cities
4555,Inner Regional
4556,Major Cities
4557,Major Cities
4558,Major Cities
4559,Major Cities
4559,Inner Regional
4560,Major Cities
4560,Inner Regional
4561,Major Cities
4561,Inner Regional
4562,Major Cities
4562,Inner Regional
4563,Major Cities
4563,Inner Regional
4564,Major Cities
4565,Major Cities
4565,Inner Regional
4566,Major Cities
4567,Major Cities
4568,Inner Regional
4569,Inner Regional
4570,Inner Regional
4570,Outer Regional
4571,Inner Regional
4572,Major Cities
4573,Major Cities
4573,Inner Regional
4574,Inner Regional
4575,Major Cities
4580,Inner Regional
4581,Inner Regional
4581,Remote
4600,Inner Regional
4600,Outer Regional
4601,Outer Regional
4605,Inner Regional
4605,Outer Regional
4606,Outer Regional
4608,Outer Regional
4610,Inner Regional
4610,Outer Regional
4611,Outer Regional
4612,Outer Regional
4613,Outer Regional
4614,Inner Regional
4614,Outer Regional
4615,Inner Regional
4615,Outer Regional
4620,Inner Regional
4620,Outer Regional
4621,Outer Regional
4625,Outer Regional
4626,Outer Regional
4627,Outer Regional
4627,Remote
4630,Outer Regional
4630,Remote
4650,Inner Regional
4650,Outer Regional
4655,Inner Regional
4659,Inner Regional
4660,Inner Regional
4662,Inner Regional
4670,Inner Regional
4670,Outer Regional
4671,Inner Regional
4671,Outer Regional
4673,Inner Regional
4673,Outer Regional
4674,Outer Regional
4676,Outer Regional
4677,Outer Regional
4678,Outer Regional
4680,Inner Regional
4680,Outer Regional
4680,Remote
4694,Outer Regional
4695,Outer Regional
4697,Outer Regional
4699,Outer Regional
4700,Inner Regional
4700,Remote
4701,Inner Regional
4701,Outer Regional
4702,Inner Regional
4702,Outer Regional
4702,Remote
4703,Inner Regional
4703,Outer Regional
4704,Inner Regional
4704,Outer Regional
4705,Remote
4706,Remote
4707,Remote
4709,Remote
4710,Inner Regional
4711,Inner Regional
4712,Outer Regional
4713,Remote
4714,Inner Regional
4714,Outer Regional
4715,Outer Regional
4716,Outer Regional
4717,Outer Regional
4718,Outer Regional
4718,Remote
4719,Outer Regional
4719,Remote
4720,Outer Regional
4720,Remote
4721,Remote
4721,Very Remote
4722,Remote
4722,Very Remote
4723,Remote
4724,Very Remote
4725,Very Remote
4726,Very Remote
4727,Very Remote
4728,Very Remote
4730,Very Remote
4731,Very Remote
4732,Very Remote
4733,Very Remote
4735,Very Remote
4736,Very Remote
4737,Outer Regional
4738,Outer Regional
4739,Outer Regional
4740,Inner Regional
4740,Outer Regional
4740,Very Remote
4741,Inner Regional
4741,Outer Regional
4741,Remote
4741,Very Remote
4742,Outer Regional
4742,Remote
4743,Remote
4744,Outer Regional
4745,Outer Regional
4745,Remote
4746,Remote
4750,Inner Regional
4751,Outer Regional
4753,Outer Regional
4754,Outer Regional
4756,Outer Regional
4757,Outer Regional
4798,Outer Regional
4799,Outer Regional
4800,Outer Regional
4801,Very Remote
4802,Outer Regional
4802,Very Remote
4803,Remote
4804,Remote
4805,Outer Regional
4805,Remote
4806,Outer Regional
4807,Outer Regional
4807,Remote
4808,Outer Regional
4809,Outer Regional
4809,Very Remote
4810,Outer Regional
4811,Outer Regional
4812,Outer Regional
4814,Outer Regional
4815,Outer Regional
4816,Outer Regional
4816,Remote
4816,Very Remote
4817,Outer Regional
4817,Remote
4818,Outer Regional
4819,Outer Regional
4820,Outer Regional
4820,Remote
4820,Very Remote
4821,Very Remote
4822,Very Remote
4823,Very Remote
4824,Remote
4824,Very Remote
4825,Remote
4825,Very Remote
4825,Very Remote
4828,Very Remote
4829,Very Remote
4830,Very Remote
4849,Outer Regional
4849,Remote
4850,Outer Regional
4850,Remote
4852,Outer Regional
4852,Remote
4854,Outer Regional
4854,Remote
4855,Outer Regional
4856,Outer Regional
4858,Outer Regional
4859,Outer Regional
4860,Outer Regional
4861,Outer Regional
4865,Outer Regional
4868,Outer Regional
4869,Outer Regional
4870,Outer Regional
4871,Outer Regional
4871,Remote
4871,Very Remote
4872,Outer Regional
4872,Remote
4872,Very Remote
4873,Outer Regional
4873,Remote
4874,Very Remote
4875,Very Remote
4876,Very Remote
4877,Outer Regional
4878,Outer Regional
4879,Outer Regional
4880,Outer Regional
4881,Outer Regional
4882,Outer Regional
4883,Outer Regional
4884,Outer Regional
4885,Outer Regional
4886,Outer Regional
4887,Outer Regional
4888,Outer Regional
4888,Remote
4890,Very Remote
4891,Very Remote
4892,Very Remote
4895,Remote
4895,Very Remote
5000,Major Cities
5005,Major Cities
5006,Major Cities
5007,Major Cities
5008,Major Cities
5009,Major Cities
5010,Major Cities
5011,Major Cities
5012,Major Cities
5013,Major Cities
5014,Major Cities
5015,Major Cities
5016,Major Cities
5017,Major Cities
5018,Major Cities
5019,Major Cities
5020,Major Cities
5021,Major Cities
5022,Major Cities
5023,Major Cities
5024,Major Cities
5025,Major Cities
5031,Major Cities
5032,Major Cities
5033,Major Cities
5034,Major Cities
5035,Major Cities
5037,Major Cities
5038,Major Cities
5039,Major Cities
5040,Major Cities
5041,Major Cities
5042,Major Cities
5043,Major Cities
5044,Major Cities
5045,Major Cities
5046,Major Cities
5047,Major Cities
5048,Major Cities
5049,Major Cities
5050,Major Cities
5051,Major Cities
5052,Major Cities
5061,Major Cities
5062,Major Cities
5063,Major Cities
5064,Major Cities
5065,Major Cities
5066,Major Cities
5067,Major Cities
5068,Major Cities
5069,Major Cities
5070,Major Cities
5072,Major Cities
5073,Major Cities
5074,Major Cities
5075,Major Cities
5076,Major Cities
5076,Inner Regional
5081,Major Cities
5082,Major Cities
5083,Major Cities
5084,Major Cities
5085,Major Cities
5086,Major Cities
5087,Major Cities
5088,Major Cities
5089,Major Cities
5090,Major Cities
5091,Major Cities
5092,Major Cities
5093,Major Cities
5094,Major Cities
5095,Major Cities
5096,Major Cities
5097,Major Cities
5098,Major Cities
5106,Major Cities
5107,Major Cities
5108,Major Cities
5109,Major Cities
5110,Major Cities
5110,Inner Regional
5111,Major Cities
5112,Major Cities
5113,Major Cities
5114,Major Cities
5114,Inner Regional
5115,Major Cities
5116,Major Cities
5117,Major Cities
5118,Major Cities
5118,Inner Regional
5120,Major Cities
5120,Inner Regional
5121,Major Cities
5125,Major Cities
5126,Major Cities
5127,Major Cities
5131,Major Cities
5132,Major Cities
5132,Inner Regional
5133,Inner Regional
5134,Inner Regional
5136,Major Cities
5137,Major Cities
5137,Inner Regional
5138,Inner Regional
5139,Inner Regional
5140,Major Cities
5141,Major Cities
5142,Major Cities
5144,Inner Regional
5150,Major Cities
5151,Major Cities
5152,Major Cities
5153,Major Cities
5153,Inner Regional
5154,Major Cities
5155,Major Cities
5155,Inner Regional
5156,Major Cities
5157,Major Cities
5157,Inner Regional
5158,Major Cities
5159,Major Cities
5159,Inner Regional
5160,Major Cities
5161,Major Cities
5162,Major Cities
5163,Major Cities
5164,Major Cities
5165,Major Cities
5166,Major Cities
5167,Major Cities
5168,Major Cities
5169,Major Cities
5170,Major Cities
5171,Major Cities
5171,Inner Regional
5172,Major Cities
5172,Inner Regional
5173,Major Cities
5174,Major Cities
5174,Inner Regional
5201,Inner Regional
5202,Inner Regional
5203,Inner Regional
5204,Inner Regional
5210,Inner Regional
5211,Inner Regional
5212,Inner Regional
5213,Inner Regional
5214,Inner Regional
5220,Remote
5221,Remote
5222,Remote
5223,Remote
5231,Inner Regional
5232,Inner Regional
5233,Inner Regional
5234,Inner Regional
5235,Inner Regional
5236,Inner Regional
5237,Inner Regional
5238,Inner Regional
5238,Outer Regional
5240,Inner Regional
5241,Inner Regional
5242,Inner Regional
5243,Inner Regional
5244,Inner Regional
5245,Major Cities
5245,Inner Regional
5250,Inner Regional
5251,Inner Regional
5252,Inner Regional
5253,Inner Regional
5254,Inner Regional
5255,Inner Regional
5256,Inner Regional
5259,Inner Regional
5259,Outer Regional
5260,Inner Regional
5261,Outer Regional
5262,Outer Regional
5263,Outer Regional
5264,Outer Regional
5264,Remote
5265,Outer Regional
5266,Outer Regional
5267,Outer Regional
5267,Remote
5268,Outer Regional
5268,Remote
5269,Outer Regional
5270,Outer Regional
5271,Outer Regional
5271,Remote
5272,Outer Regional
5273,Outer Regional
5273,Remote
5275,Outer Regional
5275,Remote
5276,Outer Regional
5277,Outer Regional
5278,Outer Regional
5279,Outer Regional
5280,Outer Regional
5290,Inner Regional
5290,Outer Regional
5291,Inner Regional
5291,Outer Regional
5301,Outer Regional
5302,Remote
5303,Remote
5304,Outer Regional
5304,Remote
5306,Outer Regional
5307,Outer Regional
5308,Outer Regional
5309,Outer Regional
5310,Outer Regional
5311,Outer Regional
5320,Outer Regional
5321,Outer Regional
5322,Outer Regional
5330,Outer Regional
5331,Outer Regional
5332,Outer Regional
5333,Outer Regional
5340,Outer Regional
5341,Outer Regional
5342,Outer Regional
5343,Outer Regional
5344,Outer Regional
5345,Outer Regional
5346,Outer Regional
5350,Inner Regional
5351,Inner Regional
5352,Inner Regional
5353,Inner Regional
5353,Outer Regional
5354,Outer Regional
5355,Inner Regional
5356,Inner Regional
5356,Outer Regional
5357,Outer Regional
5360,Inner Regional
5371,Inner Regional
5372,Inner Regional
5373,Inner Regional
5374,Inner Regional
5374,Outer Regional
5381,Outer Regional
5400,Inner Regional
5401,Inner Regional
5410,Inner Regional
5411,Inner Regional
5412,Inner Regional
5413,Inner Regional
5413,Outer Regional
5414,Inner Regional
5415,Outer Regional
5416,Outer Regional
5417,Outer Regional
5417,Remote
5418,Outer Regional
5419,Outer Regional
5420,Outer Regional
5421,Outer Regional
5422,Outer Regional
5422,Remote
5431,Outer Regional
5432,Outer Regional
5432,Remote
5433,Outer Regional
5433,Remote
5434,Outer Regional
5434,Remote
5440,Outer Regional
5440,Remote
5440,Very Remote
5451,Inner Regional
5452,Inner Regional
5453,Inner Regional
5453,Outer Regional
5454,Outer Regional
5455,Outer Regional
5460,Inner Regional
5461,Inner Regional
5461,Outer Regional
5462,Outer Regional
5464,Outer Regional
5470,Outer Regional
5471,Outer Regional
5472,Outer Regional
5473,Outer Regional
5480,Outer Regional
5481,Outer Regional
5482,Outer Regional
5483,Outer Regional
5485,Outer Regional
5490,Outer Regional
5491,Outer Regional
5493,Outer Regional
5495,Outer Regional
5501,Inner Regional
5502,Inner Regional
5510,Outer Regional
5520,Outer Regional
5521,Outer Regional
5522,Outer Regional
5523,Outer Regional
5540,Outer Regional
5550,Inner Regional
5550,Outer Regional
5552,Outer Regional
5554,Outer Regional
5555,Outer Regional
5556,Outer Regional
5558,Outer Regional
5560,Outer Regional
5570,Outer Regional
5571,Outer Regional
5572,Outer Regional
5573,Outer Regional
5575,Outer Regional
5575,Remote
5576,Remote
5577,Remote
5580,Outer Regional
5581,Outer Regional
5582,Remote
5583,Remote
5600,Outer Regional
5601,Outer Regional
5602,Outer Regional
5602,Remote
5603,Remote
5604,Remote
5605,Remote
5606,Remote
5607,Remote
5607,Very Remote
5608,Outer Regional
5609,Outer Regional
5611,Remote
5630,Remote
5631,Remote
5632,Remote
5633,Remote
5640,Remote
5641,Remote
5642,Remote
5650,Remote
5650,Very Remote
5651,Very Remote
5652,Very Remote
5653,Very Remote
5654,Very Remote
5655,Very Remote
5660,Very Remote
5661,Very Remote
5670,Very Remote
5671,Very Remote
5680,Remote
5680,Very Remote
5690,Very Remote
5700,Outer Regional
5701,Outer Regional
5710,Outer Regional
5713,Remote
5713,Very Remote
5715,Remote
5717,Remote
5717,Very Remote
5719,Very Remote
5720,Very Remote
5722,Very Remote
5723,Very Remote
5724,Very Remote
5725,Remote
5730,Remote
5730,Very Remote
5731,Very Remote
5732,Very Remote
5733,Very Remote
5734,Very Remote
5950,Major Cities
5960,Major Cities
6000,Major Cities
6003,Major Cities
6004,Major Cities
6005,Major Cities
6006,Major Cities
6007,Major Cities
6008,Major Cities
6009,Major Cities
6010,Major Cities
6011,Major Cities
6012,Major Cities
6014,Major Cities
6015,Major Cities
6016,Major Cities
6017,Major Cities
6018,Major Cities
6019,Major Cities
6020,Major Cities
6021,Major Cities
6022,Major Cities
6023,Major Cities
6024,Major Cities
6025,Major Cities
6026,Major Cities
6027,Major Cities
6028,Major Cities
6029,Major Cities
6030,Major Cities
6031,Major Cities
6032,Major Cities
6033,Major Cities
6034,Major Cities
6035,Major Cities
6035,Inner Regional
6036,Major Cities
6037,Inner Regional
6038,Major Cities
6041,Inner Regional
6042,Inner Regional
6043,Outer Regional
6044,Outer Regional
6050,Major Cities
6051,Major Cities
6052,Major Cities
6053,Major Cities
6054,Major Cities
6055,Major Cities
6056,Major Cities
6057,Major Cities
6058,Major Cities
6059,Major Cities
6060,Major Cities
6061,Major Cities
6062,Major Cities
6063,Major Cities
6064,Major Cities
6065,Major Cities
6066,Major Cities
6067,Major Cities
6068,Major Cities
6069,Major Cities
6069,Inner Regional
6070,Major Cities
6071,Major Cities
6072,Major Cities
6073,Major Cities
6074,Major Cities
6074,Inner Regional
6076,Major Cities
6076,Inner Regional
6077,Major Cities
6078,Major Cities
6078,Inner Regional
6079,Major Cities
6081,Major Cities
6082,Major Cities
6082,Inner Regional
6083,Major Cities
6083,Inner Regional
6084,Major Cities
6084,Inner Regional
6090,Major Cities
6100,Major Cities
6101,Major Cities
6102,Major Cities
6103,Major Cities
6104,Major Cities
6105,Major Cities
6106,Major Cities
6107,Major Cities
6108,Major Cities
6109,Major Cities
6110,Major Cities
6111,Major Cities
6111,Inner Regional
6112,Major Cities
6121,Major Cities
6122,Major Cities
6122,Inner Regional
6123,Major Cities
6123,Inner Regional
6124,Inner Regional
6125,Major Cities
6125,Inner Regional
6126,Inner Regional
6147,Major Cities
6148,Major Cities
6149,Major Cities
6150,Major Cities
6151,Major Cities
6152,Major Cities
6153,Major Cities
6154,Major Cities
6155,Major Cities
6156,Major Cities
6157,Major Cities
6158,Major Cities
6159,Major Cities
6160,Major Cities
6161,Remote
6162,Major Cities
6163,Major Cities
6164,Major Cities
6165,Major Cities
6166,Major Cities
6167,Major Cities
6168,Major Cities
6168,Inner Regional
6169,Major Cities
6170,Major Cities
6171,Major Cities
6171,Inner Regional
6172,Major Cities
6173,Major Cities
6174,Major Cities
6175,Major Cities
6176,Major Cities
6180,Major Cities
6181,Major Cities
6181,Inner Regional
6182,Major Cities
6207,Inner Regional
6208,Major Cities
6208,Inner Regional
6209,Major Cities
6209,Inner Regional
6210,Major Cities
6211,Major Cities
6211,Inner Regional
6213,Inner Regional
6214,Inner Regional
6215,Inner Regional
6218,Inner Regional
6220,Inner Regional
6221,Inner Regional
6223,Inner Regional
6224,Inner Regional
6225,Inner Regional
6225,Outer Regional
6226,Inner Regional
6227,Inner Regional
6228,Inner Regional
6229,Inner Regional
6230,Inner Regional
6232,Inner Regional
6233,Inner Regional
6236,Inner Regional
6237,Inner Regional
6239,Inner Regional
6240,Inner Regional
6243,Inner Regional
6243,Outer Regional
6244,Outer Regional
6251,Inner Regional
6252,Inner Regional
6253,Inner Regional
6254,Outer Regional
6255,Inner Regional
6255,Outer Regional
6256,Outer Regional
6258,Outer Regional
6260,Outer Regional
6262,Outer Regional
6271,Inner Regional
6275,Inner Regional
6275,Outer Regional
6280,Inner Regional
6281,Inner Regional
6282,Inner Regional
6284,Inner Regional
6285,Inner Regional
6286,Inner Regional
6288,Inner Regional
6288,Outer Regional
6290,Inner Regional
6290,Outer Regional
6302,Inner Regional
6302,Outer Regional
6304,Outer Regional
6306,Outer Regional
6306,Remote
6308,Outer Regional
6309,Outer Regional
6311,Outer Regional
6312,Outer Regional
6312,Remote
6313,Outer Regional
6315,Outer Regional
6315,Remote
6316,Outer Regional
6317,Outer Regional
6317,Remote
6318,Outer Regional
6320,Outer Regional
6321,Outer Regional
6322,Outer Regional
6323,Outer Regional
6324,Outer Regional
6326,Outer Regional
6327,Outer Regional
6328,Outer Regional
6328,Remote
6330,Outer Regional
6333,Outer Regional
6335,Remote
6336,Remote
6337,Remote
6338,Remote
6341,Remote
6343,Remote
6346,Very Remote
6348,Very Remote
6350,Remote
6351,Remote
6352,Remote
6353,Remote
6355,Remote
6355,Very Remote
6356,Very Remote
6357,Remote
6358,Remote
6359,Remote
6359,Very Remote
6361,Remote
6363,Remote
6365,Remote
6367,Remote
6368,Remote
6369,Remote
6370,Outer Regional
6370,Remote
6372,Outer Regional
6372,Remote
6373,Remote
6375,Remote
6383,Outer Regional
6384,Outer Regional
6385,Remote
6386,Remote
6390,Inner Regional
6390,Outer Regional
6391,Inner Regional
6391,Outer Regional
6392,Outer Regional
6393,Outer Regional
6394,Outer Regional
6395,Outer Regional
6396,Outer Regional
6397,Outer Regional
6398,Outer Regional
6401,Inner Regional
6401,Outer Regional
6403,Inner Regional
6405,Outer Regional
6407,Outer Regional
6409,Outer Regional
6410,Outer Regional
6411,Outer Regional
6412,Outer Regional
6413,Outer Regional
6414,Outer Regional
6415,Outer Regional
6415,Remote
6418,Remote
6419,Remote
6420,Remote
6421,Remote
6422,Remote
6423,Remote
6424,Remote
6425,Remote
6426,Remote
6427,Remote
6428,Remote
6429,Very Remote
6430,Outer Regional
6430,Very Remote
6431,Very Remote
6432,Outer Regional
6434,Outer Regional
6434,Very Remote
6436,Very Remote
6437,Very Remote
6438,Very Remote
6440,Very Remote
6442,Outer Regional
6443,Very Remote
6445,Very Remote
6446,Remote
6447,Remote
6447,Very Remote
6448,Remote
6450,Remote
6450,Very Remote
6452,Very Remote
6460,Outer Regional
6461,Outer Regional
6462,Outer Regional
6463,Outer Regional
6465,Outer Regional
6466,Remote
6467,Remote
6468,Remote
6470,Remote
6472,Remote
6473,Remote
6475,Remote
6476,Remote
6477,Remote
6479,Remote
6480,Remote
6484,Remote
6485,Outer Regional
6487,Remote
6488,Remote
6489,Remote
6490,Remote
6501,Inner Regional
6502,Inner Regional
6502,Outer Regional
6503,Inner Regional
6503,Outer Regional
6504,Outer Regional
6505,Outer Regional
6506,Outer Regional
6507,Outer Regional
6509,Outer Regional
6510,Outer Regional
6511,Outer Regional
6512,Outer Regional
6513,Outer Regional
6513,Remote
6514,Outer Regional
6515,Remote
6516,Outer Regional
6517,Remote
6518,Remote
6519,Remote
6521,Outer Regional
6522,Outer Regional
6525,Outer Regional
6528,Outer Regional
6530,Outer Regional
6530,Very Remote
6532,Outer Regional
6532,Remote
6532,Very Remote
6535,Outer Regional
6535,Remote
6536,Remote
6537,Very Remote
6556,Inner Regional
6558,Inner Regional
6560,Inner Regional
6562,Inner Regional
6564,Inner Regional
6566,Inner Regional
6566,Outer Regional
6567,Inner Regional
6567,Outer Regional
6568,Outer Regional
6569,Outer Regional
6571,Outer Regional
6572,Outer Regional
6574,Outer Regional
6575,Outer Regional
6603,Outer Regional
6605,Remote
6606,Remote
6608,Remote
6609,Remote
6612,Remote
6612,Very Remote
6613,Remote
6614,Remote
6616,Remote
6620,Remote
6623,Remote
6625,Remote
6627,Remote
6628,Remote
6630,Remote
6630,Very Remote
6631,Remote
6632,Remote
6635,Very Remote
6638,Very Remote
6639,Very Remote
6640,Very Remote
6642,Very Remote
6646,Very Remote
6701,Very Remote
6705,Very Remote
6707,Very Remote
6710,Very Remote
6711,Very Remote
6712,Very Remote
6713,Remote
6714,Remote
6714,Very Remote
6716,Very Remote
6718,Remote
6718,Very Remote
6720,Remote
6721,Remote
6721,Very Remote
6722,Remote
6722,Very Remote
6725,Remote
6725,Very Remote
6726,Remote
6728,Very Remote
6731,Very Remote
6733,Very Remote
6740,Very Remote
6743,Very Remote
6751,Very Remote
6753,Very Remote
6754,Very Remote
6758,Very Remote
6760,Very Remote
6762,Very Remote
6765,Very Remote
6770,Very Remote
6798,Very Remote
6799,Very Remote
7000,Inner Regional
7001,Remote
7004,Inner Regional
7005,Inner Regional
7007,Inner Regional
7008,Inner Regional
7009,Inner Regional
7010,Inner Regional
7011,Inner Regional
7012,Inner Regional
7015,Inner Regional
7016,Inner Regional
7017,Inner Regional
7017,Outer Regional
7018,Inner Regional
7019,Inner Regional
7020,Inner Regional
7020,Outer Regional
7021,Inner Regional
7022,Outer Regional
7023,Outer Regional
7024,Inner Regional
7025,Inner Regional
7025,Outer Regional
7026,Outer Regional
7027,Outer Regional
7030,Inner Regional
7030,Outer Regional
7030,Remote
7050,Inner Regional
7052,Inner Regional
7053,Inner Regional
7054,Inner Regional
7055,Inner Regional
7109,Inner Regional
7109,Outer Regional
7112,Outer Regional
7113,Outer Regional
7116,Outer Regional
7117,Outer Regional
7119,Outer Regional
7120,Outer Regional
7139,Remote
7140,Inner Regional
7140,Outer Regional
7140,Remote
7150,Inner Regional
7150,Outer Regional
7155,Inner Regional
7155,Outer Regional
7162,Outer Regional
7163,Outer Regional
7170,Inner Regional
7171,Inner Regional
7172,Inner Regional
7172,Outer Regional
7173,Inner Regional
7173,Outer Regional
7174,Outer Regional
7175,Outer Regional
7176,Outer Regional
7177,Outer Regional
7178,Outer Regional
7179,Outer Regional
7180,Outer Regional
7182,Outer Regional
7183,Outer Regional
7184,Outer Regional
7185,Outer Regional
7186,Outer Regional
7187,Outer Regional
7190,Outer Regional
7190,Remote
7209,Outer Regional
7210,Outer Regional
7211,Outer Regional
7212,Inner Regional
7212,Outer Regional
7213,Outer Regional
7214,Outer Regional
7215,Outer Regional
7215,Remote
7216,Outer Regional
7248,Inner Regional
7249,Inner Regional
7250,Inner Regional
7252,Inner Regional
7252,Outer Regional
7253,Outer Regional
7254,Outer Regional
7255,Very Remote
7256,Very Remote
7257,Very Remote
7258,Inner Regional
7258,Outer Regional
7259,Outer Regional
7260,Outer Regional
7261,Outer Regional
7262,Outer Regional
7263,Outer Regional
7264,Outer Regional
7265,Outer Regional
7267,Inner Regional
7267,Outer Regional
7268,Inner Regional
7268,Outer Regional
7270,Outer Regional
7275,Inner Regional
7275,Outer Regional
7276,Outer Regional
7277,Inner Regional
7290,Inner Regional
7291,Inner Regional
7292,Inner Regional
7292,Outer Regional
7300,Inner Regional
7300,Outer Regional
7301,Inner Regional
7301,Outer Regional
7302,Outer Regional
7303,Inner Regional
7303,Outer Regional
7304,Outer Regional
7304,Remote
7305,Outer Regional
7306,Outer Regional
7307,Inner Regional
7307,Outer Regional
7310,Inner Regional
7310,Outer Regional
7315,Outer Regional
7316,Outer Regional
7320,Outer Regional
7321,Outer Regional
7321,Remote
7322,Outer Regional
7325,Outer Regional
7330,Outer Regional
7330,Remote
7331,Outer Regional
7466,Remote
7467,Remote
7468,Remote
7469,Outer Regional
7469,Remote
7470,Remote
8005,Major Cities